num_words,word_size,words_per_row,local_array_size,area,process,voltage,temperature,slew,load,rise_delay,fall_delay,rise_slew,fall_slew,write1_power,write0_power,read1_power,read0_power,leakage_power
1024,23,16,118,0,TT,1.0,25,0.00125,0.052275,0.85234,0.85234,0.27117,0.27117,4.091554666666666,8.445465777777779,8.360854666666668,8.360021333333334,0.182
1024,23,16,118,0,TT,1.0,25,0.00125,0.2091,0.85418,0.85418,0.27031,0.27031,4.091554666666666,8.445465777777779,8.360854666666668,8.360021333333334,0.182
1024,23,16,118,0,TT,1.0,25,0.00125,0.8364,0.8604499999999999,0.8604499999999999,0.27264,0.27264,4.091554666666666,8.445465777777779,8.360854666666668,8.360021333333334,0.182
1024,23,16,118,0,TT,1.0,25,0.005,0.052275,0.85316,0.85316,0.27098,0.27098,4.091554666666666,8.445465777777779,8.360854666666668,8.360021333333334,0.182
1024,23,16,118,0,TT,1.0,25,0.005,0.2091,0.85477,0.85477,0.27147,0.27147,4.091554666666666,8.445465777777779,8.360854666666668,8.360021333333334,0.182
1024,23,16,118,0,TT,1.0,25,0.005,0.8364,0.86048,0.86048,0.27293,0.27293,4.091554666666666,8.445465777777779,8.360854666666668,8.360021333333334,0.182
1024,23,16,118,0,TT,1.0,25,0.04,0.052275,0.85768,0.85768,0.27049,0.27049,4.091554666666666,8.445465777777779,8.360854666666668,8.360021333333334,0.182
1024,23,16,118,0,TT,1.0,25,0.04,0.2091,0.8594700000000001,0.8594700000000001,0.26963,0.26963,4.091554666666666,8.445465777777779,8.360854666666668,8.360021333333334,0.182
1024,23,16,118,0,TT,1.0,25,0.04,0.8364,0.86544,0.86544,0.27325,0.27325,4.091554666666666,8.445465777777779,8.360854666666668,8.360021333333334,0.182
128,18,2,7,0,TT,1.0,25,0.00125,0.052275,0.37588,0.37588,0.28696,0.28696,1.0738881111111112,1.2295436666666668,1.0598547777777778,1.0586103333333332,0.025092999999999997
128,18,2,7,0,TT,1.0,25,0.00125,0.2091,0.37765,0.37765,0.28747,0.28747,1.0738881111111112,1.2295436666666668,1.0598547777777778,1.0586103333333332,0.025092999999999997
128,18,2,7,0,TT,1.0,25,0.00125,0.8364,0.38401,0.38401,0.289,0.289,1.0738881111111112,1.2295436666666668,1.0598547777777778,1.0586103333333332,0.025092999999999997
128,18,2,7,0,TT,1.0,25,0.005,0.052275,0.37664000000000003,0.37664000000000003,0.28673,0.28673,1.0738881111111112,1.2295436666666668,1.0598547777777778,1.0586103333333332,0.025092999999999997
128,18,2,7,0,TT,1.0,25,0.005,0.2091,0.37813,0.37813,0.28726,0.28726,1.0738881111111112,1.2295436666666668,1.0598547777777778,1.0586103333333332,0.025092999999999997
128,18,2,7,0,TT,1.0,25,0.005,0.8364,0.38448,0.38448,0.28884,0.28884,1.0738881111111112,1.2295436666666668,1.0598547777777778,1.0586103333333332,0.025092999999999997
128,18,2,7,0,TT,1.0,25,0.04,0.052275,0.38083,0.38083,0.28731,0.28731,1.0738881111111112,1.2295436666666668,1.0598547777777778,1.0586103333333332,0.025092999999999997
128,18,2,7,0,TT,1.0,25,0.04,0.2091,0.38227,0.38227,0.28787,0.28787,1.0738881111111112,1.2295436666666668,1.0598547777777778,1.0586103333333332,0.025092999999999997
128,18,2,7,0,TT,1.0,25,0.04,0.8364,0.38874,0.38874,0.28899,0.28899,1.0738881111111112,1.2295436666666668,1.0598547777777778,1.0586103333333332,0.025092999999999997
128,12,4,38,0,TT,1.0,25,0.00125,0.052275,0.50365,0.50365,0.2647,0.2647,0.8532664888888889,1.3061720444444442,1.203938711111111,1.2031831555555557,0.015184999999999999
128,12,4,38,0,TT,1.0,25,0.00125,0.2091,0.50549,0.50549,0.26520000000000005,0.26520000000000005,0.8532664888888889,1.3061720444444442,1.203938711111111,1.2031831555555557,0.015184999999999999
128,12,4,38,0,TT,1.0,25,0.00125,0.8364,0.5114500000000001,0.5114500000000001,0.26664000000000004,0.26664000000000004,0.8532664888888889,1.3061720444444442,1.203938711111111,1.2031831555555557,0.015184999999999999
128,12,4,38,0,TT,1.0,25,0.005,0.052275,0.50464,0.50464,0.26481,0.26481,0.8532664888888889,1.3061720444444442,1.203938711111111,1.2031831555555557,0.015184999999999999
128,12,4,38,0,TT,1.0,25,0.005,0.2091,0.5059800000000001,0.5059800000000001,0.26507,0.26507,0.8532664888888889,1.3061720444444442,1.203938711111111,1.2031831555555557,0.015184999999999999
128,12,4,38,0,TT,1.0,25,0.005,0.8364,0.5122800000000001,0.5122800000000001,0.26648999999999995,0.26648999999999995,0.8532664888888889,1.3061720444444442,1.203938711111111,1.2031831555555557,0.015184999999999999
128,12,4,38,0,TT,1.0,25,0.04,0.052275,0.50921,0.50921,0.26495,0.26495,0.8532664888888889,1.3061720444444442,1.203938711111111,1.2031831555555557,0.015184999999999999
128,12,4,38,0,TT,1.0,25,0.04,0.2091,0.5108,0.5108,0.26542,0.26542,0.8532664888888889,1.3061720444444442,1.203938711111111,1.2031831555555557,0.015184999999999999
128,12,4,38,0,TT,1.0,25,0.04,0.8364,0.51663,0.51663,0.26712,0.26712,0.8532664888888889,1.3061720444444442,1.203938711111111,1.2031831555555557,0.015184999999999999
2048,32,8,0,0,TT,1.0,25,0.00125,0.052275,0.72804,0.72804,0.27723,0.27723,2.092868777777778,3.2371465555555554,3.093602111111111,3.095168777777778,0.33332
2048,32,8,0,0,TT,1.0,25,0.00125,0.2091,0.72938,0.72938,0.27716,0.27716,2.092868777777778,3.2371465555555554,3.093602111111111,3.095168777777778,0.33332
2048,32,8,0,0,TT,1.0,25,0.00125,0.8364,0.73548,0.73548,0.27867,0.27867,2.092868777777778,3.2371465555555554,3.093602111111111,3.095168777777778,0.33332
2048,32,8,0,0,TT,1.0,25,0.005,0.052275,0.7283,0.7283,0.27621,0.27621,2.092868777777778,3.2371465555555554,3.093602111111111,3.095168777777778,0.33332
2048,32,8,0,0,TT,1.0,25,0.005,0.2091,0.73001,0.73001,0.27708,0.27708,2.092868777777778,3.2371465555555554,3.093602111111111,3.095168777777778,0.33332
2048,32,8,0,0,TT,1.0,25,0.005,0.8364,0.73619,0.73619,0.278,0.278,2.092868777777778,3.2371465555555554,3.093602111111111,3.095168777777778,0.33332
2048,32,8,0,0,TT,1.0,25,0.04,0.052275,0.7329899999999999,0.7329899999999999,0.27509,0.27509,2.092868777777778,3.2371465555555554,3.093602111111111,3.095168777777778,0.33332
2048,32,8,0,0,TT,1.0,25,0.04,0.2091,0.73472,0.73472,0.27569,0.27569,2.092868777777778,3.2371465555555554,3.093602111111111,3.095168777777778,0.33332
2048,32,8,0,0,TT,1.0,25,0.04,0.8364,0.74073,0.74073,0.27765,0.27765,2.092868777777778,3.2371465555555554,3.093602111111111,3.095168777777778,0.33332
16,4,1,4,0,TT,1.0,25,0.00125,0.052275,0.25400999999999996,0.25400999999999996,0.26805,0.26805,0.3716818888888889,0.45269522222222225,0.39135077777777777,0.3916741111111111,0.0021831
16,4,1,4,0,TT,1.0,25,0.00125,0.2091,0.25522,0.25522,0.26838,0.26838,0.3716818888888889,0.45269522222222225,0.39135077777777777,0.3916741111111111,0.0021831
16,4,1,4,0,TT,1.0,25,0.00125,0.8364,0.26011,0.26011,0.26957,0.26957,0.3716818888888889,0.45269522222222225,0.39135077777777777,0.3916741111111111,0.0021831
16,4,1,4,0,TT,1.0,25,0.005,0.052275,0.25468999999999997,0.25468999999999997,0.26817,0.26817,0.3716818888888889,0.45269522222222225,0.39135077777777777,0.3916741111111111,0.0021831
16,4,1,4,0,TT,1.0,25,0.005,0.2091,0.25582,0.25582,0.26844,0.26844,0.3716818888888889,0.45269522222222225,0.39135077777777777,0.3916741111111111,0.0021831
16,4,1,4,0,TT,1.0,25,0.005,0.8364,0.26049999999999995,0.26049999999999995,0.26965,0.26965,0.3716818888888889,0.45269522222222225,0.39135077777777777,0.3916741111111111,0.0021831
16,4,1,4,0,TT,1.0,25,0.04,0.052275,0.25988,0.25988,0.26833,0.26833,0.3716818888888889,0.45269522222222225,0.39135077777777777,0.3916741111111111,0.0021831
16,4,1,4,0,TT,1.0,25,0.04,0.2091,0.26134999999999997,0.26134999999999997,0.26854,0.26854,0.3716818888888889,0.45269522222222225,0.39135077777777777,0.3916741111111111,0.0021831
16,4,1,4,0,TT,1.0,25,0.04,0.8364,0.26609,0.26609,0.26984,0.26984,0.3716818888888889,0.45269522222222225,0.39135077777777777,0.3916741111111111,0.0021831
256,9,4,15,0,TT,1.0,25,0.00125,0.052275,0.41859999999999997,0.41859999999999997,0.2505,0.2505,0.7577922222222222,1.0025177777777778,0.9412322222222222,0.94063,0.021991999999999998
256,9,4,15,0,TT,1.0,25,0.00125,0.2091,0.42011,0.42011,0.25124,0.25124,0.7577922222222222,1.0025177777777778,0.9412322222222222,0.94063,0.021991999999999998
256,9,4,15,0,TT,1.0,25,0.00125,0.8364,0.42629,0.42629,0.25256999999999996,0.25256999999999996,0.7577922222222222,1.0025177777777778,0.9412322222222222,0.94063,0.021991999999999998
256,9,4,15,0,TT,1.0,25,0.005,0.052275,0.41933,0.41933,0.25063,0.25063,0.7577922222222222,1.0025177777777778,0.9412322222222222,0.94063,0.021991999999999998
256,9,4,15,0,TT,1.0,25,0.005,0.2091,0.4208,0.4208,0.25076000000000004,0.25076000000000004,0.7577922222222222,1.0025177777777778,0.9412322222222222,0.94063,0.021991999999999998
256,9,4,15,0,TT,1.0,25,0.005,0.8364,0.42707999999999996,0.42707999999999996,0.25241,0.25241,0.7577922222222222,1.0025177777777778,0.9412322222222222,0.94063,0.021991999999999998
256,9,4,15,0,TT,1.0,25,0.04,0.052275,0.42373,0.42373,0.25072,0.25072,0.7577922222222222,1.0025177777777778,0.9412322222222222,0.94063,0.021991999999999998
256,9,4,15,0,TT,1.0,25,0.04,0.2091,0.42548,0.42548,0.25092,0.25092,0.7577922222222222,1.0025177777777778,0.9412322222222222,0.94063,0.021991999999999998
256,9,4,15,0,TT,1.0,25,0.04,0.8364,0.43151,0.43151,0.25275,0.25275,0.7577922222222222,1.0025177777777778,0.9412322222222222,0.94063,0.021991999999999998
64,7,2,10,0,TT,1.0,25,0.00125,0.052275,0.34562,0.34562,0.25544999999999995,0.25544999999999995,0.5341884111111113,0.6900539666666667,0.6045984111111111,0.6039550777777778,0.0062749
64,7,2,10,0,TT,1.0,25,0.00125,0.2091,0.34704,0.34704,0.25564000000000003,0.25564000000000003,0.5341884111111113,0.6900539666666667,0.6045984111111111,0.6039550777777778,0.0062749
64,7,2,10,0,TT,1.0,25,0.00125,0.8364,0.35318,0.35318,0.25702,0.25702,0.5341884111111113,0.6900539666666667,0.6045984111111111,0.6039550777777778,0.0062749
64,7,2,10,0,TT,1.0,25,0.005,0.052275,0.34617,0.34617,0.25527,0.25527,0.5341884111111113,0.6900539666666667,0.6045984111111111,0.6039550777777778,0.0062749
64,7,2,10,0,TT,1.0,25,0.005,0.2091,0.34763,0.34763,0.25561,0.25561,0.5341884111111113,0.6900539666666667,0.6045984111111111,0.6039550777777778,0.0062749
64,7,2,10,0,TT,1.0,25,0.005,0.8364,0.35381,0.35381,0.25709,0.25709,0.5341884111111113,0.6900539666666667,0.6045984111111111,0.6039550777777778,0.0062749
64,7,2,10,0,TT,1.0,25,0.04,0.052275,0.35229,0.35229,0.25562999999999997,0.25562999999999997,0.5341884111111113,0.6900539666666667,0.6045984111111111,0.6039550777777778,0.0062749
64,7,2,10,0,TT,1.0,25,0.04,0.2091,0.35359,0.35359,0.25606999999999996,0.25606999999999996,0.5341884111111113,0.6900539666666667,0.6045984111111111,0.6039550777777778,0.0062749
64,7,2,10,0,TT,1.0,25,0.04,0.8364,0.36012,0.36012,0.25693,0.25693,0.5341884111111113,0.6900539666666667,0.6045984111111111,0.6039550777777778,0.0062749
1024,27,4,89,0,TT,1.0,25,0.00125,0.052275,0.90703,0.90703,0.25694999999999996,0.25694999999999996,1.7577155555555555,3.104271111111111,3.005037777777778,3.0044155555555556,0.21148999999999998
1024,27,4,89,0,TT,1.0,25,0.00125,0.2091,0.9084,0.9084,0.25723999999999997,0.25723999999999997,1.7577155555555555,3.104271111111111,3.005037777777778,3.0044155555555556,0.21148999999999998
1024,27,4,89,0,TT,1.0,25,0.00125,0.8364,0.9153899999999999,0.9153899999999999,0.25769000000000003,0.25769000000000003,1.7577155555555555,3.104271111111111,3.005037777777778,3.0044155555555556,0.21148999999999998
1024,27,4,89,0,TT,1.0,25,0.005,0.052275,0.90752,0.90752,0.25662,0.25662,1.7577155555555555,3.104271111111111,3.005037777777778,3.0044155555555556,0.21148999999999998
1024,27,4,89,0,TT,1.0,25,0.005,0.2091,0.90938,0.90938,0.25679,0.25679,1.7577155555555555,3.104271111111111,3.005037777777778,3.0044155555555556,0.21148999999999998
1024,27,4,89,0,TT,1.0,25,0.005,0.8364,0.91578,0.91578,0.25822,0.25822,1.7577155555555555,3.104271111111111,3.005037777777778,3.0044155555555556,0.21148999999999998
1024,27,4,89,0,TT,1.0,25,0.04,0.052275,0.91227,0.91227,0.25771,0.25771,1.7577155555555555,3.104271111111111,3.005037777777778,3.0044155555555556,0.21148999999999998
1024,27,4,89,0,TT,1.0,25,0.04,0.2091,0.9138799999999999,0.9138799999999999,0.25757,0.25757,1.7577155555555555,3.104271111111111,3.005037777777778,3.0044155555555556,0.21148999999999998
1024,27,4,89,0,TT,1.0,25,0.04,0.8364,0.92033,0.92033,0.2585,0.2585,1.7577155555555555,3.104271111111111,3.005037777777778,3.0044155555555556,0.21148999999999998
1024,17,16,86,0,TT,1.0,25,0.00125,0.052275,0.74048,0.74048,0.25687,0.25687,2.9444091111111113,5.9905535555555565,5.916342444444445,5.915775777777778,0.13595
1024,17,16,86,0,TT,1.0,25,0.00125,0.2091,0.74195,0.74195,0.25744999999999996,0.25744999999999996,2.9444091111111113,5.9905535555555565,5.916342444444445,5.915775777777778,0.13595
1024,17,16,86,0,TT,1.0,25,0.00125,0.8364,0.7482,0.7482,0.25879,0.25879,2.9444091111111113,5.9905535555555565,5.916342444444445,5.915775777777778,0.13595
1024,17,16,86,0,TT,1.0,25,0.005,0.052275,0.74078,0.74078,0.25626,0.25626,2.9444091111111113,5.9905535555555565,5.916342444444445,5.915775777777778,0.13595
1024,17,16,86,0,TT,1.0,25,0.005,0.2091,0.74265,0.74265,0.25615,0.25615,2.9444091111111113,5.9905535555555565,5.916342444444445,5.915775777777778,0.13595
1024,17,16,86,0,TT,1.0,25,0.005,0.8364,0.74908,0.74908,0.25773999999999997,0.25773999999999997,2.9444091111111113,5.9905535555555565,5.916342444444445,5.915775777777778,0.13595
1024,17,16,86,0,TT,1.0,25,0.04,0.052275,0.74514,0.74514,0.25593,0.25593,2.9444091111111113,5.9905535555555565,5.916342444444445,5.915775777777778,0.13595
1024,17,16,86,0,TT,1.0,25,0.04,0.2091,0.74711,0.74711,0.25631000000000004,0.25631000000000004,2.9444091111111113,5.9905535555555565,5.916342444444445,5.915775777777778,0.13595
1024,17,16,86,0,TT,1.0,25,0.04,0.8364,0.7533099999999999,0.7533099999999999,0.25807,0.25807,2.9444091111111113,5.9905535555555565,5.916342444444445,5.915775777777778,0.13595
64,26,4,23,0,TT,1.0,25,0.00125,0.052275,0.41342,0.41342,0.31986000000000003,0.31986000000000003,1.601789222222222,1.8642003333333337,1.7103781111111112,1.709867,0.019089
64,26,4,23,0,TT,1.0,25,0.00125,0.2091,0.41485,0.41485,0.32014,0.32014,1.601789222222222,1.8642003333333337,1.7103781111111112,1.709867,0.019089
64,26,4,23,0,TT,1.0,25,0.00125,0.8364,0.42079,0.42079,0.32178999999999996,0.32178999999999996,1.601789222222222,1.8642003333333337,1.7103781111111112,1.709867,0.019089
64,26,4,23,0,TT,1.0,25,0.005,0.052275,0.41369,0.41369,0.31972,0.31972,1.601789222222222,1.8642003333333337,1.7103781111111112,1.709867,0.019089
64,26,4,23,0,TT,1.0,25,0.005,0.2091,0.41546,0.41546,0.32,0.32,1.601789222222222,1.8642003333333337,1.7103781111111112,1.709867,0.019089
64,26,4,23,0,TT,1.0,25,0.005,0.8364,0.42108999999999996,0.42108999999999996,0.32167,0.32167,1.601789222222222,1.8642003333333337,1.7103781111111112,1.709867,0.019089
64,26,4,23,0,TT,1.0,25,0.04,0.052275,0.41859,0.41859,0.31999,0.31999,1.601789222222222,1.8642003333333337,1.7103781111111112,1.709867,0.019089
64,26,4,23,0,TT,1.0,25,0.04,0.2091,0.4201,0.4201,0.32038,0.32038,1.601789222222222,1.8642003333333337,1.7103781111111112,1.709867,0.019089
64,26,4,23,0,TT,1.0,25,0.04,0.8364,0.42583000000000004,0.42583000000000004,0.32176,0.32176,1.601789222222222,1.8642003333333337,1.7103781111111112,1.709867,0.019089
256,8,1,1,0,TT,1.0,25,0.00125,0.052275,0.44856,0.44856,0.33908,0.33908,0.8436666666666667,1.1422777777777777,0.9599111111111109,0.9614677777777777,0.047965
256,8,1,1,0,TT,1.0,25,0.00125,0.2091,0.44982,0.44982,0.33948999999999996,0.33948999999999996,0.8436666666666667,1.1422777777777777,0.9599111111111109,0.9614677777777777,0.047965
256,8,1,1,0,TT,1.0,25,0.00125,0.8364,0.45516,0.45516,0.34109,0.34109,0.8436666666666667,1.1422777777777777,0.9599111111111109,0.9614677777777777,0.047965
256,8,1,1,0,TT,1.0,25,0.005,0.052275,0.44912,0.44912,0.33914,0.33914,0.8436666666666667,1.1422777777777777,0.9599111111111109,0.9614677777777777,0.047965
256,8,1,1,0,TT,1.0,25,0.005,0.2091,0.45050999999999997,0.45050999999999997,0.33939,0.33939,0.8436666666666667,1.1422777777777777,0.9599111111111109,0.9614677777777777,0.047965
256,8,1,1,0,TT,1.0,25,0.005,0.8364,0.45592,0.45592,0.34074,0.34074,0.8436666666666667,1.1422777777777777,0.9599111111111109,0.9614677777777777,0.047965
256,8,1,1,0,TT,1.0,25,0.04,0.052275,0.45376,0.45376,0.33902,0.33902,0.8436666666666667,1.1422777777777777,0.9599111111111109,0.9614677777777777,0.047965
256,8,1,1,0,TT,1.0,25,0.04,0.2091,0.45496,0.45496,0.33996,0.33996,0.8436666666666667,1.1422777777777777,0.9599111111111109,0.9614677777777777,0.047965
256,8,1,1,0,TT,1.0,25,0.04,0.8364,0.4601,0.4601,0.34103,0.34103,0.8436666666666667,1.1422777777777777,0.9599111111111109,0.9614677777777777,0.047965
256,12,16,186,0,TT,1.0,25,0.00125,0.052275,1.0659,1.0659,0.21687,0.21687,2.3978811111111114,4.672447777777778,4.632525555555556,4.635481111111111,0.028530999999999997
256,12,16,186,0,TT,1.0,25,0.00125,0.2091,1.0675000000000001,1.0675000000000001,0.21809,0.21809,2.3978811111111114,4.672447777777778,4.632525555555556,4.635481111111111,0.028530999999999997
256,12,16,186,0,TT,1.0,25,0.00125,0.8364,1.0772,1.0772,0.2192,0.2192,2.3978811111111114,4.672447777777778,4.632525555555556,4.635481111111111,0.028530999999999997
256,12,16,186,0,TT,1.0,25,0.005,0.052275,1.0664,1.0664,0.21708,0.21708,2.3978811111111114,4.672447777777778,4.632525555555556,4.635481111111111,0.028530999999999997
256,12,16,186,0,TT,1.0,25,0.005,0.2091,1.0681,1.0681,0.21808000000000002,0.21808000000000002,2.3978811111111114,4.672447777777778,4.632525555555556,4.635481111111111,0.028530999999999997
256,12,16,186,0,TT,1.0,25,0.005,0.8364,1.0774,1.0774,0.21858999999999998,0.21858999999999998,2.3978811111111114,4.672447777777778,4.632525555555556,4.635481111111111,0.028530999999999997
256,12,16,186,0,TT,1.0,25,0.04,0.052275,1.0709000000000002,1.0709000000000002,0.21670999999999999,0.21670999999999999,2.3978811111111114,4.672447777777778,4.632525555555556,4.635481111111111,0.028530999999999997
256,12,16,186,0,TT,1.0,25,0.04,0.2091,1.0727,1.0727,0.21869,0.21869,2.3978811111111114,4.672447777777778,4.632525555555556,4.635481111111111,0.028530999999999997
256,12,16,186,0,TT,1.0,25,0.04,0.8364,1.0814,1.0814,0.21942,0.21942,2.3978811111111114,4.672447777777778,4.632525555555556,4.635481111111111,0.028530999999999997
64,4,4,14,0,TT,1.0,25,0.00125,0.052275,0.34403,0.34403,0.24206,0.24206,0.4700171888888889,0.5782438555555554,0.5341883,0.5336016333333332,0.0039777
64,4,4,14,0,TT,1.0,25,0.00125,0.2091,0.34562,0.34562,0.24231000000000003,0.24231000000000003,0.4700171888888889,0.5782438555555554,0.5341883,0.5336016333333332,0.0039777
64,4,4,14,0,TT,1.0,25,0.00125,0.8364,0.35161,0.35161,0.24378999999999998,0.24378999999999998,0.4700171888888889,0.5782438555555554,0.5341883,0.5336016333333332,0.0039777
64,4,4,14,0,TT,1.0,25,0.005,0.052275,0.34472,0.34472,0.24199,0.24199,0.4700171888888889,0.5782438555555554,0.5341883,0.5336016333333332,0.0039777
64,4,4,14,0,TT,1.0,25,0.005,0.2091,0.34617,0.34617,0.24223999999999998,0.24223999999999998,0.4700171888888889,0.5782438555555554,0.5341883,0.5336016333333332,0.0039777
64,4,4,14,0,TT,1.0,25,0.005,0.8364,0.35231999999999997,0.35231999999999997,0.24358,0.24358,0.4700171888888889,0.5782438555555554,0.5341883,0.5336016333333332,0.0039777
64,4,4,14,0,TT,1.0,25,0.04,0.052275,0.35077,0.35077,0.24187,0.24187,0.4700171888888889,0.5782438555555554,0.5341883,0.5336016333333332,0.0039777
64,4,4,14,0,TT,1.0,25,0.04,0.2091,0.35200000000000004,0.35200000000000004,0.24217999999999998,0.24217999999999998,0.4700171888888889,0.5782438555555554,0.5341883,0.5336016333333332,0.0039777
64,4,4,14,0,TT,1.0,25,0.04,0.8364,0.35832,0.35832,0.24372000000000002,0.24372000000000002,0.4700171888888889,0.5782438555555554,0.5341883,0.5336016333333332,0.0039777
256,17,16,49,0,TT,1.0,25,0.00125,0.052275,0.5776,0.5776,0.26636,0.26636,2.752683222222222,4.809016555555555,4.721416555555556,4.721149888888888,0.040664000000000006
256,17,16,49,0,TT,1.0,25,0.00125,0.2091,0.5792999999999999,0.5792999999999999,0.26668000000000003,0.26668000000000003,2.752683222222222,4.809016555555555,4.721416555555556,4.721149888888888,0.040664000000000006
256,17,16,49,0,TT,1.0,25,0.00125,0.8364,0.58553,0.58553,0.26821999999999996,0.26821999999999996,2.752683222222222,4.809016555555555,4.721416555555556,4.721149888888888,0.040664000000000006
256,17,16,49,0,TT,1.0,25,0.005,0.052275,0.57848,0.57848,0.26581,0.26581,2.752683222222222,4.809016555555555,4.721416555555556,4.721149888888888,0.040664000000000006
256,17,16,49,0,TT,1.0,25,0.005,0.2091,0.5800599999999999,0.5800599999999999,0.26658000000000004,0.26658000000000004,2.752683222222222,4.809016555555555,4.721416555555556,4.721149888888888,0.040664000000000006
256,17,16,49,0,TT,1.0,25,0.005,0.8364,0.58597,0.58597,0.26754,0.26754,2.752683222222222,4.809016555555555,4.721416555555556,4.721149888888888,0.040664000000000006
256,17,16,49,0,TT,1.0,25,0.04,0.052275,0.58292,0.58292,0.26671999999999996,0.26671999999999996,2.752683222222222,4.809016555555555,4.721416555555556,4.721149888888888,0.040664000000000006
256,17,16,49,0,TT,1.0,25,0.04,0.2091,0.58372,0.58372,0.26713,0.26713,2.752683222222222,4.809016555555555,4.721416555555556,4.721149888888888,0.040664000000000006
256,17,16,49,0,TT,1.0,25,0.04,0.8364,0.59056,0.59056,0.26844999999999997,0.26844999999999997,2.752683222222222,4.809016555555555,4.721416555555556,4.721149888888888,0.040664000000000006
32,18,1,18,0,TT,1.0,25,0.00125,0.052275,0.34286999999999995,0.34286999999999995,0.3305,0.3305,0.7507451222222222,0.8881084555555555,0.7044717888888888,0.7042806777777777,0.0084411
32,18,1,18,0,TT,1.0,25,0.00125,0.2091,0.34389,0.34389,0.33097,0.33097,0.7507451222222222,0.8881084555555555,0.7044717888888888,0.7042806777777777,0.0084411
32,18,1,18,0,TT,1.0,25,0.00125,0.8364,0.34912,0.34912,0.33249,0.33249,0.7507451222222222,0.8881084555555555,0.7044717888888888,0.7042806777777777,0.0084411
32,18,1,18,0,TT,1.0,25,0.005,0.052275,0.34353999999999996,0.34353999999999996,0.33037,0.33037,0.7507451222222222,0.8881084555555555,0.7044717888888888,0.7042806777777777,0.0084411
32,18,1,18,0,TT,1.0,25,0.005,0.2091,0.34464,0.34464,0.33072,0.33072,0.7507451222222222,0.8881084555555555,0.7044717888888888,0.7042806777777777,0.0084411
32,18,1,18,0,TT,1.0,25,0.005,0.8364,0.34981,0.34981,0.33209,0.33209,0.7507451222222222,0.8881084555555555,0.7044717888888888,0.7042806777777777,0.0084411
32,18,1,18,0,TT,1.0,25,0.04,0.052275,0.34776,0.34776,0.33082999999999996,0.33082999999999996,0.7507451222222222,0.8881084555555555,0.7044717888888888,0.7042806777777777,0.0084411
32,18,1,18,0,TT,1.0,25,0.04,0.2091,0.34893,0.34893,0.33091,0.33091,0.7507451222222222,0.8881084555555555,0.7044717888888888,0.7042806777777777,0.0084411
32,18,1,18,0,TT,1.0,25,0.04,0.8364,0.35436,0.35436,0.33236,0.33236,0.7507451222222222,0.8881084555555555,0.7044717888888888,0.7042806777777777,0.0084411
512,22,16,249,0,TT,1.0,25,0.00125,0.052275,1.6605,1.6605,0.22986,0.22986,3.9463950000000003,7.910672777777778,7.870661666666667,7.875750555555555,0.09105
512,22,16,249,0,TT,1.0,25,0.00125,0.2091,1.6612,1.6612,0.23041999999999999,0.23041999999999999,3.9463950000000003,7.910672777777778,7.870661666666667,7.875750555555555,0.09105
512,22,16,249,0,TT,1.0,25,0.00125,0.8364,1.6622999999999999,1.6622999999999999,0.23181,0.23181,3.9463950000000003,7.910672777777778,7.870661666666667,7.875750555555555,0.09105
512,22,16,249,0,TT,1.0,25,0.005,0.052275,1.6606,1.6606,0.22952,0.22952,3.9463950000000003,7.910672777777778,7.870661666666667,7.875750555555555,0.09105
512,22,16,249,0,TT,1.0,25,0.005,0.2091,1.6608,1.6608,0.22913,0.22913,3.9463950000000003,7.910672777777778,7.870661666666667,7.875750555555555,0.09105
512,22,16,249,0,TT,1.0,25,0.005,0.8364,1.6597,1.6597,0.22829,0.22829,3.9463950000000003,7.910672777777778,7.870661666666667,7.875750555555555,0.09105
512,22,16,249,0,TT,1.0,25,0.04,0.052275,1.6640000000000001,1.6640000000000001,0.22821,0.22821,3.9463950000000003,7.910672777777778,7.870661666666667,7.875750555555555,0.09105
512,22,16,249,0,TT,1.0,25,0.04,0.2091,1.6653,1.6653,0.22913,0.22913,3.9463950000000003,7.910672777777778,7.870661666666667,7.875750555555555,0.09105
512,22,16,249,0,TT,1.0,25,0.04,0.8364,1.6668999999999998,1.6668999999999998,0.23044,0.23044,3.9463950000000003,7.910672777777778,7.870661666666667,7.875750555555555,0.09105
512,15,8,85,0,TT,1.0,25,0.00125,0.052275,0.81077,0.81077,0.25318999999999997,0.25318999999999997,1.6537620000000002,3.1433064444444443,3.083662,3.083550888888889,0.061834999999999994
512,15,8,85,0,TT,1.0,25,0.00125,0.2091,0.81247,0.81247,0.25372,0.25372,1.6537620000000002,3.1433064444444443,3.083662,3.083550888888889,0.061834999999999994
512,15,8,85,0,TT,1.0,25,0.00125,0.8364,0.81894,0.81894,0.25572,0.25572,1.6537620000000002,3.1433064444444443,3.083662,3.083550888888889,0.061834999999999994
512,15,8,85,0,TT,1.0,25,0.005,0.052275,0.81113,0.81113,0.25397000000000003,0.25397000000000003,1.6537620000000002,3.1433064444444443,3.083662,3.083550888888889,0.061834999999999994
512,15,8,85,0,TT,1.0,25,0.005,0.2091,0.8128500000000001,0.8128500000000001,0.25283999999999995,0.25283999999999995,1.6537620000000002,3.1433064444444443,3.083662,3.083550888888889,0.061834999999999994
512,15,8,85,0,TT,1.0,25,0.005,0.8364,0.81927,0.81927,0.25543,0.25543,1.6537620000000002,3.1433064444444443,3.083662,3.083550888888889,0.061834999999999994
512,15,8,85,0,TT,1.0,25,0.04,0.052275,0.81586,0.81586,0.25389,0.25389,1.6537620000000002,3.1433064444444443,3.083662,3.083550888888889,0.061834999999999994
512,15,8,85,0,TT,1.0,25,0.04,0.2091,0.81748,0.81748,0.25489,0.25489,1.6537620000000002,3.1433064444444443,3.083662,3.083550888888889,0.061834999999999994
512,15,8,85,0,TT,1.0,25,0.04,0.8364,0.82371,0.82371,0.25639,0.25639,1.6537620000000002,3.1433064444444443,3.083662,3.083550888888889,0.061834999999999994
512,27,4,60,0,TT,1.0,25,0.00125,0.052275,0.8225199999999999,0.8225199999999999,0.28365999999999997,0.28365999999999997,1.6582586666666665,2.944914222222222,2.8431586666666666,2.8427920000000007,0.10886
512,27,4,60,0,TT,1.0,25,0.00125,0.2091,0.8242400000000001,0.8242400000000001,0.28402,0.28402,1.6582586666666665,2.944914222222222,2.8431586666666666,2.8427920000000007,0.10886
512,27,4,60,0,TT,1.0,25,0.00125,0.8364,0.8301999999999999,0.8301999999999999,0.28620999999999996,0.28620999999999996,1.6582586666666665,2.944914222222222,2.8431586666666666,2.8427920000000007,0.10886
512,27,4,60,0,TT,1.0,25,0.005,0.052275,0.82333,0.82333,0.28382999999999997,0.28382999999999997,1.6582586666666665,2.944914222222222,2.8431586666666666,2.8427920000000007,0.10886
512,27,4,60,0,TT,1.0,25,0.005,0.2091,0.8245300000000001,0.8245300000000001,0.2843,0.2843,1.6582586666666665,2.944914222222222,2.8431586666666666,2.8427920000000007,0.10886
512,27,4,60,0,TT,1.0,25,0.005,0.8364,0.8310299999999999,0.8310299999999999,0.28607,0.28607,1.6582586666666665,2.944914222222222,2.8431586666666666,2.8427920000000007,0.10886
512,27,4,60,0,TT,1.0,25,0.04,0.052275,0.82779,0.82779,0.28248,0.28248,1.6582586666666665,2.944914222222222,2.8431586666666666,2.8427920000000007,0.10886
512,27,4,60,0,TT,1.0,25,0.04,0.2091,0.82894,0.82894,0.28298,0.28298,1.6582586666666665,2.944914222222222,2.8431586666666666,2.8427920000000007,0.10886
512,27,4,60,0,TT,1.0,25,0.04,0.8364,0.83489,0.83489,0.28474,0.28474,1.6582586666666665,2.944914222222222,2.8431586666666666,2.8427920000000007,0.10886
16,12,1,1,0,TT,1.0,25,0.00125,0.052275,0.28398,0.28398,0.29045000000000004,0.29045000000000004,0.6609966666666667,0.7927133333333334,0.6223755555555556,0.6238977777777779,0.0065626999999999994
16,12,1,1,0,TT,1.0,25,0.00125,0.2091,0.28533,0.28533,0.29063,0.29063,0.6609966666666667,0.7927133333333334,0.6223755555555556,0.6238977777777779,0.0065626999999999994
16,12,1,1,0,TT,1.0,25,0.00125,0.8364,0.29073,0.29073,0.29231,0.29231,0.6609966666666667,0.7927133333333334,0.6223755555555556,0.6238977777777779,0.0065626999999999994
16,12,1,1,0,TT,1.0,25,0.005,0.052275,0.28465999999999997,0.28465999999999997,0.29035,0.29035,0.6609966666666667,0.7927133333333334,0.6223755555555556,0.6238977777777779,0.0065626999999999994
16,12,1,1,0,TT,1.0,25,0.005,0.2091,0.2858,0.2858,0.29086,0.29086,0.6609966666666667,0.7927133333333334,0.6223755555555556,0.6238977777777779,0.0065626999999999994
16,12,1,1,0,TT,1.0,25,0.005,0.8364,0.29102999999999996,0.29102999999999996,0.29207,0.29207,0.6609966666666667,0.7927133333333334,0.6223755555555556,0.6238977777777779,0.0065626999999999994
16,12,1,1,0,TT,1.0,25,0.04,0.052275,0.28922000000000003,0.28922000000000003,0.29046,0.29046,0.6609966666666667,0.7927133333333334,0.6223755555555556,0.6238977777777779,0.0065626999999999994
16,12,1,1,0,TT,1.0,25,0.04,0.2091,0.29036,0.29036,0.29098,0.29098,0.6609966666666667,0.7927133333333334,0.6223755555555556,0.6238977777777779,0.0065626999999999994
16,12,1,1,0,TT,1.0,25,0.04,0.8364,0.29567000000000004,0.29567000000000004,0.29267,0.29267,0.6609966666666667,0.7927133333333334,0.6223755555555556,0.6238977777777779,0.0065626999999999994
256,27,8,191,0,TT,1.0,25,0.00125,0.052275,1.1192,1.1192,0.28469,0.28469,2.8616455555555556,5.433612222222222,5.357312222222223,5.356867777777778,0.058220999999999995
256,27,8,191,0,TT,1.0,25,0.00125,0.2091,1.1212,1.1212,0.286,0.286,2.8616455555555556,5.433612222222222,5.357312222222223,5.356867777777778,0.058220999999999995
256,27,8,191,0,TT,1.0,25,0.00125,0.8364,1.1281,1.1281,0.28843,0.28843,2.8616455555555556,5.433612222222222,5.357312222222223,5.356867777777778,0.058220999999999995
256,27,8,191,0,TT,1.0,25,0.005,0.052275,1.12,1.12,0.28461000000000003,0.28461000000000003,2.8616455555555556,5.433612222222222,5.357312222222223,5.356867777777778,0.058220999999999995
256,27,8,191,0,TT,1.0,25,0.005,0.2091,1.1216,1.1216,0.28496,0.28496,2.8616455555555556,5.433612222222222,5.357312222222223,5.356867777777778,0.058220999999999995
256,27,8,191,0,TT,1.0,25,0.005,0.8364,1.129,1.129,0.28575,0.28575,2.8616455555555556,5.433612222222222,5.357312222222223,5.356867777777778,0.058220999999999995
256,27,8,191,0,TT,1.0,25,0.04,0.052275,1.1242999999999999,1.1242999999999999,0.28528000000000003,0.28528000000000003,2.8616455555555556,5.433612222222222,5.357312222222223,5.356867777777778,0.058220999999999995
256,27,8,191,0,TT,1.0,25,0.04,0.2091,1.1262999999999999,1.1262999999999999,0.28525,0.28525,2.8616455555555556,5.433612222222222,5.357312222222223,5.356867777777778,0.058220999999999995
256,27,8,191,0,TT,1.0,25,0.04,0.8364,1.1334,1.1334,0.28638,0.28638,2.8616455555555556,5.433612222222222,5.357312222222223,5.356867777777778,0.058220999999999995
1024,64,4,0,0,TT,1.0,25,0.00125,0.052275,0.7484999999999999,0.7484999999999999,0.37309,0.37309,2.6633876666666665,3.3416209999999995,3.0794432222222223,3.0788321111111108,0.33807
1024,64,4,0,0,TT,1.0,25,0.00125,0.2091,0.75021,0.75021,0.37358,0.37358,2.6633876666666665,3.3416209999999995,3.0794432222222223,3.0788321111111108,0.33807
1024,64,4,0,0,TT,1.0,25,0.00125,0.8364,0.75676,0.75676,0.37532,0.37532,2.6633876666666665,3.3416209999999995,3.0794432222222223,3.0788321111111108,0.33807
1024,64,4,0,0,TT,1.0,25,0.005,0.052275,0.7490199999999999,0.7490199999999999,0.37309,0.37309,2.6633876666666665,3.3416209999999995,3.0794432222222223,3.0788321111111108,0.33807
1024,64,4,0,0,TT,1.0,25,0.005,0.2091,0.75092,0.75092,0.37370000000000003,0.37370000000000003,2.6633876666666665,3.3416209999999995,3.0794432222222223,3.0788321111111108,0.33807
1024,64,4,0,0,TT,1.0,25,0.005,0.8364,0.75752,0.75752,0.37552,0.37552,2.6633876666666665,3.3416209999999995,3.0794432222222223,3.0788321111111108,0.33807
1024,64,4,0,0,TT,1.0,25,0.04,0.052275,0.75399,0.75399,0.37582,0.37582,2.6633876666666665,3.3416209999999995,3.0794432222222223,3.0788321111111108,0.33807
1024,64,4,0,0,TT,1.0,25,0.04,0.2091,0.75554,0.75554,0.37531000000000003,0.37531000000000003,2.6633876666666665,3.3416209999999995,3.0794432222222223,3.0788321111111108,0.33807
1024,64,4,0,0,TT,1.0,25,0.04,0.8364,0.76181,0.76181,0.37611,0.37611,2.6633876666666665,3.3416209999999995,3.0794432222222223,3.0788321111111108,0.33807
512,64,4,0,0,TT,1.0,25,0.00125,0.052275,0.65448,0.65448,0.42133,0.42133,2.2284265555555556,2.582793222222222,2.356371,2.3562598888888893,0.17347
512,64,4,0,0,TT,1.0,25,0.00125,0.2091,0.6561600000000001,0.6561600000000001,0.42239,0.42239,2.2284265555555556,2.582793222222222,2.356371,2.3562598888888893,0.17347
512,64,4,0,0,TT,1.0,25,0.00125,0.8364,0.66169,0.66169,0.42561,0.42561,2.2284265555555556,2.582793222222222,2.356371,2.3562598888888893,0.17347
512,64,4,0,0,TT,1.0,25,0.005,0.052275,0.65515,0.65515,0.42155,0.42155,2.2284265555555556,2.582793222222222,2.356371,2.3562598888888893,0.17347
512,64,4,0,0,TT,1.0,25,0.005,0.2091,0.6556799999999999,0.6556799999999999,0.42229999999999995,0.42229999999999995,2.2284265555555556,2.582793222222222,2.356371,2.3562598888888893,0.17347
512,64,4,0,0,TT,1.0,25,0.005,0.8364,0.6625000000000001,0.6625000000000001,0.42538,0.42538,2.2284265555555556,2.582793222222222,2.356371,2.3562598888888893,0.17347
512,64,4,0,0,TT,1.0,25,0.04,0.052275,0.65991,0.65991,0.42117,0.42117,2.2284265555555556,2.582793222222222,2.356371,2.3562598888888893,0.17347
512,64,4,0,0,TT,1.0,25,0.04,0.2091,0.6612100000000001,0.6612100000000001,0.42212,0.42212,2.2284265555555556,2.582793222222222,2.356371,2.3562598888888893,0.17347
512,64,4,0,0,TT,1.0,25,0.04,0.8364,0.66734,0.66734,0.42366000000000004,0.42366000000000004,2.2284265555555556,2.582793222222222,2.356371,2.3562598888888893,0.17347
256,5,16,75,0,TT,1.0,25,0.00125,0.052275,0.66301,0.66301,0.21657,0.21657,1.0368410888888888,1.9255522,1.8943633111111113,1.8950410888888887,0.012858
256,5,16,75,0,TT,1.0,25,0.00125,0.2091,0.66458,0.66458,0.21710000000000002,0.21710000000000002,1.0368410888888888,1.9255522,1.8943633111111113,1.8950410888888887,0.012858
256,5,16,75,0,TT,1.0,25,0.00125,0.8364,0.67091,0.67091,0.21826,0.21826,1.0368410888888888,1.9255522,1.8943633111111113,1.8950410888888887,0.012858
256,5,16,75,0,TT,1.0,25,0.005,0.052275,0.66364,0.66364,0.21685000000000001,0.21685000000000001,1.0368410888888888,1.9255522,1.8943633111111113,1.8950410888888887,0.012858
256,5,16,75,0,TT,1.0,25,0.005,0.2091,0.6652499999999999,0.6652499999999999,0.21747,0.21747,1.0368410888888888,1.9255522,1.8943633111111113,1.8950410888888887,0.012858
256,5,16,75,0,TT,1.0,25,0.005,0.8364,0.67162,0.67162,0.21839999999999998,0.21839999999999998,1.0368410888888888,1.9255522,1.8943633111111113,1.8950410888888887,0.012858
256,5,16,75,0,TT,1.0,25,0.04,0.052275,0.66807,0.66807,0.21627,0.21627,1.0368410888888888,1.9255522,1.8943633111111113,1.8950410888888887,0.012858
256,5,16,75,0,TT,1.0,25,0.04,0.2091,0.66976,0.66976,0.21675,0.21675,1.0368410888888888,1.9255522,1.8943633111111113,1.8950410888888887,0.012858
256,5,16,75,0,TT,1.0,25,0.04,0.8364,0.67626,0.67626,0.21782,0.21782,1.0368410888888888,1.9255522,1.8943633111111113,1.8950410888888887,0.012858
32,4,2,5,0,TT,1.0,25,0.00125,0.052275,0.30502999999999997,0.30502999999999997,0.24575,0.24575,0.41479390000000005,0.5094283444444445,0.44650278888888895,0.4462083444444444,0.0028599
32,4,2,5,0,TT,1.0,25,0.00125,0.2091,0.30640999999999996,0.30640999999999996,0.24605,0.24605,0.41479390000000005,0.5094283444444445,0.44650278888888895,0.4462083444444444,0.0028599
32,4,2,5,0,TT,1.0,25,0.00125,0.8364,0.31256,0.31256,0.24731999999999998,0.24731999999999998,0.41479390000000005,0.5094283444444445,0.44650278888888895,0.4462083444444444,0.0028599
32,4,2,5,0,TT,1.0,25,0.005,0.052275,0.30556,0.30556,0.24584999999999999,0.24584999999999999,0.41479390000000005,0.5094283444444445,0.44650278888888895,0.4462083444444444,0.0028599
32,4,2,5,0,TT,1.0,25,0.005,0.2091,0.30672,0.30672,0.24605999999999997,0.24605999999999997,0.41479390000000005,0.5094283444444445,0.44650278888888895,0.4462083444444444,0.0028599
32,4,2,5,0,TT,1.0,25,0.005,0.8364,0.3134,0.3134,0.24727000000000002,0.24727000000000002,0.41479390000000005,0.5094283444444445,0.44650278888888895,0.4462083444444444,0.0028599
32,4,2,5,0,TT,1.0,25,0.04,0.052275,0.31099,0.31099,0.24588,0.24588,0.41479390000000005,0.5094283444444445,0.44650278888888895,0.4462083444444444,0.0028599
32,4,2,5,0,TT,1.0,25,0.04,0.2091,0.31221,0.31221,0.24651,0.24651,0.41479390000000005,0.5094283444444445,0.44650278888888895,0.4462083444444444,0.0028599
32,4,2,5,0,TT,1.0,25,0.04,0.8364,0.31865,0.31865,0.24758,0.24758,0.41479390000000005,0.5094283444444445,0.44650278888888895,0.4462083444444444,0.0028599
1024,32,8,0,0,TT,1.0,25,0.00125,0.052275,0.63671,0.63671,0.31766,0.31766,2.018787111111111,2.913942666666667,2.7620093333333333,2.7609426666666668,0.1718
1024,32,8,0,0,TT,1.0,25,0.00125,0.2091,0.6386999999999999,0.6386999999999999,0.31834999999999997,0.31834999999999997,2.018787111111111,2.913942666666667,2.7620093333333333,2.7609426666666668,0.1718
1024,32,8,0,0,TT,1.0,25,0.00125,0.8364,0.64426,0.64426,0.32078999999999996,0.32078999999999996,2.018787111111111,2.913942666666667,2.7620093333333333,2.7609426666666668,0.1718
1024,32,8,0,0,TT,1.0,25,0.005,0.052275,0.6377200000000001,0.6377200000000001,0.31766,0.31766,2.018787111111111,2.913942666666667,2.7620093333333333,2.7609426666666668,0.1718
1024,32,8,0,0,TT,1.0,25,0.005,0.2091,0.63897,0.63897,0.31832,0.31832,2.018787111111111,2.913942666666667,2.7620093333333333,2.7609426666666668,0.1718
1024,32,8,0,0,TT,1.0,25,0.005,0.8364,0.64432,0.64432,0.32087,0.32087,2.018787111111111,2.913942666666667,2.7620093333333333,2.7609426666666668,0.1718
1024,32,8,0,0,TT,1.0,25,0.04,0.052275,0.6418699999999999,0.6418699999999999,0.31814,0.31814,2.018787111111111,2.913942666666667,2.7620093333333333,2.7609426666666668,0.1718
1024,32,8,0,0,TT,1.0,25,0.04,0.2091,0.64316,0.64316,0.31871,0.31871,2.018787111111111,2.913942666666667,2.7620093333333333,2.7609426666666668,0.1718
1024,32,8,0,0,TT,1.0,25,0.04,0.8364,0.64915,0.64915,0.32105999999999996,0.32105999999999996,2.018787111111111,2.913942666666667,2.7620093333333333,2.7609426666666668,0.1718
1024,16,16,40,0,TT,1.0,25,0.00125,0.052275,0.58144,0.58144,0.25797,0.25797,2.575803222222222,4.556358777777778,4.471125444444445,4.4691032222222224,0.13135
1024,16,16,40,0,TT,1.0,25,0.00125,0.2091,0.5829399999999999,0.5829399999999999,0.25837,0.25837,2.575803222222222,4.556358777777778,4.471125444444445,4.4691032222222224,0.13135
1024,16,16,40,0,TT,1.0,25,0.00125,0.8364,0.58911,0.58911,0.26042000000000004,0.26042000000000004,2.575803222222222,4.556358777777778,4.471125444444445,4.4691032222222224,0.13135
1024,16,16,40,0,TT,1.0,25,0.005,0.052275,0.58187,0.58187,0.25808,0.25808,2.575803222222222,4.556358777777778,4.471125444444445,4.4691032222222224,0.13135
1024,16,16,40,0,TT,1.0,25,0.005,0.2091,0.5836899999999999,0.5836899999999999,0.25821,0.25821,2.575803222222222,4.556358777777778,4.471125444444445,4.4691032222222224,0.13135
1024,16,16,40,0,TT,1.0,25,0.005,0.8364,0.5898599999999999,0.5898599999999999,0.26034,0.26034,2.575803222222222,4.556358777777778,4.471125444444445,4.4691032222222224,0.13135
1024,16,16,40,0,TT,1.0,25,0.04,0.052275,0.58653,0.58653,0.25834999999999997,0.25834999999999997,2.575803222222222,4.556358777777778,4.471125444444445,4.4691032222222224,0.13135
1024,16,16,40,0,TT,1.0,25,0.04,0.2091,0.58827,0.58827,0.25841,0.25841,2.575803222222222,4.556358777777778,4.471125444444445,4.4691032222222224,0.13135
1024,16,16,40,0,TT,1.0,25,0.04,0.8364,0.59409,0.59409,0.26028999999999997,0.26028999999999997,2.575803222222222,4.556358777777778,4.471125444444445,4.4691032222222224,0.13135
32,32,1,31,0,TT,1.0,25,0.00125,0.052275,0.39809,0.39809,0.38494,0.38494,1.0239104444444445,1.2246882222222224,0.9484993333333332,0.9491537777777778,0.013528
32,32,1,31,0,TT,1.0,25,0.00125,0.2091,0.39943,0.39943,0.38543,0.38543,1.0239104444444445,1.2246882222222224,0.9484993333333332,0.9491537777777778,0.013528
32,32,1,31,0,TT,1.0,25,0.00125,0.8364,0.40502,0.40502,0.38669,0.38669,1.0239104444444445,1.2246882222222224,0.9484993333333332,0.9491537777777778,0.013528
32,32,1,31,0,TT,1.0,25,0.005,0.052275,0.39864,0.39864,0.38508,0.38508,1.0239104444444445,1.2246882222222224,0.9484993333333332,0.9491537777777778,0.013528
32,32,1,31,0,TT,1.0,25,0.005,0.2091,0.40009,0.40009,0.38528,0.38528,1.0239104444444445,1.2246882222222224,0.9484993333333332,0.9491537777777778,0.013528
32,32,1,31,0,TT,1.0,25,0.005,0.8364,0.40516,0.40516,0.38643,0.38643,1.0239104444444445,1.2246882222222224,0.9484993333333332,0.9491537777777778,0.013528
32,32,1,31,0,TT,1.0,25,0.04,0.052275,0.40308,0.40308,0.38532,0.38532,1.0239104444444445,1.2246882222222224,0.9484993333333332,0.9491537777777778,0.013528
32,32,1,31,0,TT,1.0,25,0.04,0.2091,0.40458,0.40458,0.38577,0.38577,1.0239104444444445,1.2246882222222224,0.9484993333333332,0.9491537777777778,0.013528
32,32,1,31,0,TT,1.0,25,0.04,0.8364,0.40956,0.40956,0.38703,0.38703,1.0239104444444445,1.2246882222222224,0.9484993333333332,0.9491537777777778,0.013528
256,12,8,17,0,TT,1.0,25,0.00125,0.052275,0.42535,0.42535,0.26105999999999996,0.26105999999999996,1.2404507777777778,1.6185285555555555,1.5411507777777778,1.5407285555555557,0.028741000000000003
256,12,8,17,0,TT,1.0,25,0.00125,0.2091,0.42707999999999996,0.42707999999999996,0.26165000000000005,0.26165000000000005,1.2404507777777778,1.6185285555555555,1.5411507777777778,1.5407285555555557,0.028741000000000003
256,12,8,17,0,TT,1.0,25,0.00125,0.8364,0.43297,0.43297,0.26285,0.26285,1.2404507777777778,1.6185285555555555,1.5411507777777778,1.5407285555555557,0.028741000000000003
256,12,8,17,0,TT,1.0,25,0.005,0.052275,0.42607,0.42607,0.26083,0.26083,1.2404507777777778,1.6185285555555555,1.5411507777777778,1.5407285555555557,0.028741000000000003
256,12,8,17,0,TT,1.0,25,0.005,0.2091,0.42774,0.42774,0.26114,0.26114,1.2404507777777778,1.6185285555555555,1.5411507777777778,1.5407285555555557,0.028741000000000003
256,12,8,17,0,TT,1.0,25,0.005,0.8364,0.43376000000000003,0.43376000000000003,0.26282,0.26282,1.2404507777777778,1.6185285555555555,1.5411507777777778,1.5407285555555557,0.028741000000000003
256,12,8,17,0,TT,1.0,25,0.04,0.052275,0.43068999999999996,0.43068999999999996,0.26122999999999996,0.26122999999999996,1.2404507777777778,1.6185285555555555,1.5411507777777778,1.5407285555555557,0.028741000000000003
256,12,8,17,0,TT,1.0,25,0.04,0.2091,0.43226000000000003,0.43226000000000003,0.26174000000000003,0.26174000000000003,1.2404507777777778,1.6185285555555555,1.5411507777777778,1.5407285555555557,0.028741000000000003
256,12,8,17,0,TT,1.0,25,0.04,0.8364,0.43858,0.43858,0.26295999999999997,0.26295999999999997,1.2404507777777778,1.6185285555555555,1.5411507777777778,1.5407285555555557,0.028741000000000003
1024,21,4,54,0,TT,1.0,25,0.00125,0.052275,0.8127099999999999,0.8127099999999999,0.24213,0.24213,1.4336077777777778,2.5185744444444444,2.4333299999999998,2.4329188888888886,0.1669
1024,21,4,54,0,TT,1.0,25,0.00125,0.2091,0.81429,0.81429,0.24216000000000001,0.24216000000000001,1.4336077777777778,2.5185744444444444,2.4333299999999998,2.4329188888888886,0.1669
1024,21,4,54,0,TT,1.0,25,0.00125,0.8364,0.82065,0.82065,0.2434,0.2434,1.4336077777777778,2.5185744444444444,2.4333299999999998,2.4329188888888886,0.1669
1024,21,4,54,0,TT,1.0,25,0.005,0.052275,0.81346,0.81346,0.24179,0.24179,1.4336077777777778,2.5185744444444444,2.4333299999999998,2.4329188888888886,0.1669
1024,21,4,54,0,TT,1.0,25,0.005,0.2091,0.81463,0.81463,0.24216000000000001,0.24216000000000001,1.4336077777777778,2.5185744444444444,2.4333299999999998,2.4329188888888886,0.1669
1024,21,4,54,0,TT,1.0,25,0.005,0.8364,0.8213600000000001,0.8213600000000001,0.24308999999999997,0.24308999999999997,1.4336077777777778,2.5185744444444444,2.4333299999999998,2.4329188888888886,0.1669
1024,21,4,54,0,TT,1.0,25,0.04,0.052275,0.81781,0.81781,0.24241,0.24241,1.4336077777777778,2.5185744444444444,2.4333299999999998,2.4329188888888886,0.1669
1024,21,4,54,0,TT,1.0,25,0.04,0.2091,0.81908,0.81908,0.24293,0.24293,1.4336077777777778,2.5185744444444444,2.4333299999999998,2.4329188888888886,0.1669
1024,21,4,54,0,TT,1.0,25,0.04,0.8364,0.82637,0.82637,0.24331,0.24331,1.4336077777777778,2.5185744444444444,2.4333299999999998,2.4329188888888886,0.1669
16,6,1,1,0,TT,1.0,25,0.00125,0.052275,0.26095999999999997,0.26095999999999997,0.26767,0.26767,0.4605411111111111,0.5804677777777778,0.48906111111111117,0.4905355555555555,0.0037517
16,6,1,1,0,TT,1.0,25,0.00125,0.2091,0.26216,0.26216,0.26804,0.26804,0.4605411111111111,0.5804677777777778,0.48906111111111117,0.4905355555555555,0.0037517
16,6,1,1,0,TT,1.0,25,0.00125,0.8364,0.26697,0.26697,0.26952000000000004,0.26952000000000004,0.4605411111111111,0.5804677777777778,0.48906111111111117,0.4905355555555555,0.0037517
16,6,1,1,0,TT,1.0,25,0.005,0.052275,0.26118,0.26118,0.26757,0.26757,0.4605411111111111,0.5804677777777778,0.48906111111111117,0.4905355555555555,0.0037517
16,6,1,1,0,TT,1.0,25,0.005,0.2091,0.26266,0.26266,0.26805,0.26805,0.4605411111111111,0.5804677777777778,0.48906111111111117,0.4905355555555555,0.0037517
16,6,1,1,0,TT,1.0,25,0.005,0.8364,0.26791,0.26791,0.26925,0.26925,0.4605411111111111,0.5804677777777778,0.48906111111111117,0.4905355555555555,0.0037517
16,6,1,1,0,TT,1.0,25,0.04,0.052275,0.26682,0.26682,0.26773,0.26773,0.4605411111111111,0.5804677777777778,0.48906111111111117,0.4905355555555555,0.0037517
16,6,1,1,0,TT,1.0,25,0.04,0.2091,0.26814,0.26814,0.2683,0.2683,0.4605411111111111,0.5804677777777778,0.48906111111111117,0.4905355555555555,0.0037517
16,6,1,1,0,TT,1.0,25,0.04,0.8364,0.27316,0.27316,0.26947,0.26947,0.4605411111111111,0.5804677777777778,0.48906111111111117,0.4905355555555555,0.0037517
512,8,8,0,0,TT,1.0,25,0.00125,0.052275,0.41187999999999997,0.41187999999999997,0.25485,0.25485,0.8430563444444444,1.0136819000000001,0.9556841222222222,0.9558596777777777,0.024709000000000002
512,8,8,0,0,TT,1.0,25,0.00125,0.2091,0.41344000000000003,0.41344000000000003,0.25508000000000003,0.25508000000000003,0.8430563444444444,1.0136819000000001,0.9556841222222222,0.9558596777777777,0.024709000000000002
512,8,8,0,0,TT,1.0,25,0.00125,0.8364,0.41973,0.41973,0.25621,0.25621,0.8430563444444444,1.0136819000000001,0.9556841222222222,0.9558596777777777,0.024709000000000002
512,8,8,0,0,TT,1.0,25,0.005,0.052275,0.4124,0.4124,0.25453,0.25453,0.8430563444444444,1.0136819000000001,0.9556841222222222,0.9558596777777777,0.024709000000000002
512,8,8,0,0,TT,1.0,25,0.005,0.2091,0.41421,0.41421,0.25514000000000003,0.25514000000000003,0.8430563444444444,1.0136819000000001,0.9556841222222222,0.9558596777777777,0.024709000000000002
512,8,8,0,0,TT,1.0,25,0.005,0.8364,0.4204,0.4204,0.25642,0.25642,0.8430563444444444,1.0136819000000001,0.9556841222222222,0.9558596777777777,0.024709000000000002
512,8,8,0,0,TT,1.0,25,0.04,0.052275,0.41726,0.41726,0.25458000000000003,0.25458000000000003,0.8430563444444444,1.0136819000000001,0.9556841222222222,0.9558596777777777,0.024709000000000002
512,8,8,0,0,TT,1.0,25,0.04,0.2091,0.41863,0.41863,0.25496,0.25496,0.8430563444444444,1.0136819000000001,0.9556841222222222,0.9558596777777777,0.024709000000000002
512,8,8,0,0,TT,1.0,25,0.04,0.8364,0.42510000000000003,0.42510000000000003,0.25647,0.25647,0.8430563444444444,1.0136819000000001,0.9556841222222222,0.9558596777777777,0.024709000000000002
256,32,4,0,0,TT,1.0,25,0.00125,0.052275,0.45405,0.45405,0.34162,0.34162,1.661666777777778,1.6992112222222222,1.520577888888889,1.5201223333333334,0.049185
256,32,4,0,0,TT,1.0,25,0.00125,0.2091,0.45528,0.45528,0.34209999999999996,0.34209999999999996,1.661666777777778,1.6992112222222222,1.520577888888889,1.5201223333333334,0.049185
256,32,4,0,0,TT,1.0,25,0.00125,0.8364,0.46157,0.46157,0.3443,0.3443,1.661666777777778,1.6992112222222222,1.520577888888889,1.5201223333333334,0.049185
256,32,4,0,0,TT,1.0,25,0.005,0.052275,0.45478,0.45478,0.34142,0.34142,1.661666777777778,1.6992112222222222,1.520577888888889,1.5201223333333334,0.049185
256,32,4,0,0,TT,1.0,25,0.005,0.2091,0.45639,0.45639,0.342,0.342,1.661666777777778,1.6992112222222222,1.520577888888889,1.5201223333333334,0.049185
256,32,4,0,0,TT,1.0,25,0.005,0.8364,0.46215999999999996,0.46215999999999996,0.34429,0.34429,1.661666777777778,1.6992112222222222,1.520577888888889,1.5201223333333334,0.049185
256,32,4,0,0,TT,1.0,25,0.04,0.052275,0.45906,0.45906,0.34167000000000003,0.34167000000000003,1.661666777777778,1.6992112222222222,1.520577888888889,1.5201223333333334,0.049185
256,32,4,0,0,TT,1.0,25,0.04,0.2091,0.46106,0.46106,0.34254,0.34254,1.661666777777778,1.6992112222222222,1.520577888888889,1.5201223333333334,0.049185
256,32,4,0,0,TT,1.0,25,0.04,0.8364,0.46706000000000003,0.46706000000000003,0.34437,0.34437,1.661666777777778,1.6992112222222222,1.520577888888889,1.5201223333333334,0.049185
1024,8,16,0,0,TT,1.0,25,0.00125,0.052275,0.5018900000000001,0.5018900000000001,0.24662000000000003,0.24662000000000003,1.1389833333333332,1.4221277777777779,1.366761111111111,1.36785,0.046667
1024,8,16,0,0,TT,1.0,25,0.00125,0.2091,0.50374,0.50374,0.24719,0.24719,1.1389833333333332,1.4221277777777779,1.366761111111111,1.36785,0.046667
1024,8,16,0,0,TT,1.0,25,0.00125,0.8364,0.5103,0.5103,0.24869,0.24869,1.1389833333333332,1.4221277777777779,1.366761111111111,1.36785,0.046667
1024,8,16,0,0,TT,1.0,25,0.005,0.052275,0.50258,0.50258,0.2466,0.2466,1.1389833333333332,1.4221277777777779,1.366761111111111,1.36785,0.046667
1024,8,16,0,0,TT,1.0,25,0.005,0.2091,0.50431,0.50431,0.24699999999999997,0.24699999999999997,1.1389833333333332,1.4221277777777779,1.366761111111111,1.36785,0.046667
1024,8,16,0,0,TT,1.0,25,0.005,0.8364,0.5107,0.5107,0.24854,0.24854,1.1389833333333332,1.4221277777777779,1.366761111111111,1.36785,0.046667
1024,8,16,0,0,TT,1.0,25,0.04,0.052275,0.50744,0.50744,0.24681999999999998,0.24681999999999998,1.1389833333333332,1.4221277777777779,1.366761111111111,1.36785,0.046667
1024,8,16,0,0,TT,1.0,25,0.04,0.2091,0.50883,0.50883,0.24710000000000001,0.24710000000000001,1.1389833333333332,1.4221277777777779,1.366761111111111,1.36785,0.046667
1024,8,16,0,0,TT,1.0,25,0.04,0.8364,0.51523,0.51523,0.2486,0.2486,1.1389833333333332,1.4221277777777779,1.366761111111111,1.36785,0.046667
32,14,2,23,0,TT,1.0,25,0.00125,0.052275,0.40019,0.40019,0.28265,0.28265,0.7410601222222223,0.9264201222222221,0.7936212333333333,0.7924412333333333,0.0065994
32,14,2,23,0,TT,1.0,25,0.00125,0.2091,0.40174,0.40174,0.28288,0.28288,0.7410601222222223,0.9264201222222221,0.7936212333333333,0.7924412333333333,0.0065994
32,14,2,23,0,TT,1.0,25,0.00125,0.8364,0.40787,0.40787,0.28422,0.28422,0.7410601222222223,0.9264201222222221,0.7936212333333333,0.7924412333333333,0.0065994
32,14,2,23,0,TT,1.0,25,0.005,0.052275,0.40075,0.40075,0.28248,0.28248,0.7410601222222223,0.9264201222222221,0.7936212333333333,0.7924412333333333,0.0065994
32,14,2,23,0,TT,1.0,25,0.005,0.2091,0.40238999999999997,0.40238999999999997,0.28286999999999995,0.28286999999999995,0.7410601222222223,0.9264201222222221,0.7936212333333333,0.7924412333333333,0.0065994
32,14,2,23,0,TT,1.0,25,0.005,0.8364,0.4085,0.4085,0.28432,0.28432,0.7410601222222223,0.9264201222222221,0.7936212333333333,0.7924412333333333,0.0065994
32,14,2,23,0,TT,1.0,25,0.04,0.052275,0.40541,0.40541,0.28291,0.28291,0.7410601222222223,0.9264201222222221,0.7936212333333333,0.7924412333333333,0.0065994
32,14,2,23,0,TT,1.0,25,0.04,0.2091,0.40645,0.40645,0.28332,0.28332,0.7410601222222223,0.9264201222222221,0.7936212333333333,0.7924412333333333,0.0065994
32,14,2,23,0,TT,1.0,25,0.04,0.8364,0.41269999999999996,0.41269999999999996,0.28459999999999996,0.28459999999999996,0.7410601222222223,0.9264201222222221,0.7936212333333333,0.7924412333333333,0.0065994
256,8,8,0,0,TT,1.0,25,0.00125,0.052275,0.38406,0.38406,0.2619,0.2619,0.827475588888889,0.9164678111111111,0.8569578111111111,0.8563933666666668,0.013788000000000002
256,8,8,0,0,TT,1.0,25,0.00125,0.2091,0.38583,0.38583,0.26224000000000003,0.26224000000000003,0.827475588888889,0.9164678111111111,0.8569578111111111,0.8563933666666668,0.013788000000000002
256,8,8,0,0,TT,1.0,25,0.00125,0.8364,0.3919,0.3919,0.26391000000000003,0.26391000000000003,0.827475588888889,0.9164678111111111,0.8569578111111111,0.8563933666666668,0.013788000000000002
256,8,8,0,0,TT,1.0,25,0.005,0.052275,0.38477,0.38477,0.26191,0.26191,0.827475588888889,0.9164678111111111,0.8569578111111111,0.8563933666666668,0.013788000000000002
256,8,8,0,0,TT,1.0,25,0.005,0.2091,0.38619,0.38619,0.26216,0.26216,0.827475588888889,0.9164678111111111,0.8569578111111111,0.8563933666666668,0.013788000000000002
256,8,8,0,0,TT,1.0,25,0.005,0.8364,0.39225000000000004,0.39225000000000004,0.26381,0.26381,0.827475588888889,0.9164678111111111,0.8569578111111111,0.8563933666666668,0.013788000000000002
256,8,8,0,0,TT,1.0,25,0.04,0.052275,0.38925000000000004,0.38925000000000004,0.2621,0.2621,0.827475588888889,0.9164678111111111,0.8569578111111111,0.8563933666666668,0.013788000000000002
256,8,8,0,0,TT,1.0,25,0.04,0.2091,0.39111999999999997,0.39111999999999997,0.26225,0.26225,0.827475588888889,0.9164678111111111,0.8569578111111111,0.8563933666666668,0.013788000000000002
256,8,8,0,0,TT,1.0,25,0.04,0.8364,0.39707,0.39707,0.264,0.264,0.827475588888889,0.9164678111111111,0.8569578111111111,0.8563933666666668,0.013788000000000002
512,32,4,0,0,TT,1.0,25,0.00125,0.052275,0.5222600000000001,0.5222600000000001,0.31686,0.31686,1.6074554444444447,1.8241554444444443,1.6588554444444445,1.6592776666666669,0.091441
512,32,4,0,0,TT,1.0,25,0.00125,0.2091,0.52378,0.52378,0.31689,0.31689,1.6074554444444447,1.8241554444444443,1.6588554444444445,1.6592776666666669,0.091441
512,32,4,0,0,TT,1.0,25,0.00125,0.8364,0.52941,0.52941,0.31903,0.31903,1.6074554444444447,1.8241554444444443,1.6588554444444445,1.6592776666666669,0.091441
512,32,4,0,0,TT,1.0,25,0.005,0.052275,0.52267,0.52267,0.31698,0.31698,1.6074554444444447,1.8241554444444443,1.6588554444444445,1.6592776666666669,0.091441
512,32,4,0,0,TT,1.0,25,0.005,0.2091,0.52425,0.52425,0.31673999999999997,0.31673999999999997,1.6074554444444447,1.8241554444444443,1.6588554444444445,1.6592776666666669,0.091441
512,32,4,0,0,TT,1.0,25,0.005,0.8364,0.53028,0.53028,0.31927,0.31927,1.6074554444444447,1.8241554444444443,1.6588554444444445,1.6592776666666669,0.091441
512,32,4,0,0,TT,1.0,25,0.04,0.052275,0.52742,0.52742,0.31582,0.31582,1.6074554444444447,1.8241554444444443,1.6588554444444445,1.6592776666666669,0.091441
512,32,4,0,0,TT,1.0,25,0.04,0.2091,0.5289699999999999,0.5289699999999999,0.31623,0.31623,1.6074554444444447,1.8241554444444443,1.6588554444444445,1.6592776666666669,0.091441
512,32,4,0,0,TT,1.0,25,0.04,0.8364,0.5341899999999999,0.5341899999999999,0.3189,0.3189,1.6074554444444447,1.8241554444444443,1.6588554444444445,1.6592776666666669,0.091441
